feature,importance
年齢,2.5542244538762247
性別,1.3919162805880088
K,19.855695117268088
AL,69.35593715291161
LT,3.1708381016811664
ACD,3.6713888936749095
