{
    "features": {
        "年齢": {
            "mean": 8.70997679814385,
            "std": 2.6630234301189826,
            "min": 3.0,
            "median": 9.0,
            "max": 18.0
        },
        "性別": {
            "mean": 0.4048723897911833,
            "std": 0.4910097570321055,
            "min": 0.0,
            "median": 0.0,
            "max": 1.0
        },
        "K": {
            "mean": 7.720864269141532,
            "std": 0.2383820636374772,
            "min": 7.02,
            "median": 7.72,
            "max": 8.71
        },
        "AL": {
            "mean": 23.988288863109048,
            "std": 1.4134106168280154,
            "min": 20.06,
            "median": 24.07,
            "max": 28.71
        },
        "LT": {
            "mean": 3.517645011600928,
            "std": 0.2188924248189559,
            "min": 3.02,
            "median": 3.49,
            "max": 4.49
        },
        "ACD": {
            "mean": 3.7533062645011603,
            "std": 0.29267568478920014,
            "min": 2.56,
            "median": 3.77,
            "max": 4.63
        }
    },
    "target": {
        "mean": -1.4475348027842228,
        "std": 2.953245578092389,
        "min": -11.469999999999999,
        "median": -1.375,
        "max": 9.705
    }
}