feature,importance
年齢,0.046548577271986705
性別,0.012071895234349877
K,0.1338381421987201
AL,0.7151973890484238
LT,0.038530566673271247
ACD,0.05381342957324821
